[{"timestamp":"2025-10-24T13:47:56.055Z","type":"session","data":{"state":"start"},"category":"app.lifecycle","level":"info"},{"timestamp":"2025-10-24T13:47:56.064Z","type":"navigation","data":{"state":"foreground"},"category":"app.lifecycle","level":"info"},{"timestamp":"2025-10-24T13:47:56.072Z","message":"Running \"Ottplay","data":{"logger":"console","arguments":["Running \"Ottplay"]},"category":"console","level":"debug"},{"timestamp":"2025-10-24T13:47:56.090Z","type":"system","data":{"level":78.0,"charging":false,"action":"BATTERY_CHANGED"},"category":"device.event","level":"info"},{"timestamp":"2025-10-24T13:47:56.211Z","type":"system","data":{"action":"NETWORK_AVAILABLE"},"category":"network.event","level":"info"},{"timestamp":"2025-10-24T13:47:56.212Z","type":"system","data":{"upload_bandwidth":7500,"action":"NETWORK_CAPABILITIES_CHANGED","vpn_active":false,"signal_strength":-83,"network_type":"wifi","download_bandwidth":7500},"category":"network.event","level":"info"},{"timestamp":"2025-10-24T13:47:56.667Z","message":"Navigation to SplashScreen","type":"navigation","data":{"to":"SplashScreen"},"category":"navigation","level":"info"},{"timestamp":"2025-10-24T13:47:56.848Z","message":"New Relic disabled via remote config - skipping initialization","data":{"logger":"console","arguments":["New Relic disabled via remote config - skipping initialization"]},"category":"console","level":"debug"},{"timestamp":"2025-10-24T13:47:56.853Z","message":"==>Error signing in anonymously: Error: [auth/admin-restricted-operation] This operation is restricted to administrators only.","data":{"logger":"console","arguments":["==>Error signing in anonymously:",{"message":"[auth/admin-restricted-operation] This operation is restricted to administrators only.","name":"Error","stack":"NativeFirebaseError: [auth/admin-restricted-operation] This operation is restricted to administrators only.\n    at signInAnonymously (address at index.android.bundle:1:8124236)\n    at ?anon_0_ (address at index.android.bundle:1:8120049)\n    at next (native)\n    at asyncGeneratorStep (address at index.android.bundle:1:152877)\n    at _next (address at index.android.bundle:1:153150)\n    at anonymous (address at index.android.bundle:1:153102)\n    at tryCallTwo (address at index.android.bundle:1:269559)\n    at doResolve (address at index.android.bundle:1:270878)\n    at Promise (address at index.android.bundle:1:269655)\n    at anonymous (address at index.android.bundle:1:153023)\n    at apply (native)"}]},"category":"console","level":"error"},{"timestamp":"2025-10-24T13:47:57.107Z","type":"http","data":{"status_code":200.0,"method":"POST","url":"https://api2.ottplay.com/api/v3/mobile/user/v2/first-seen?randomId=2808"},"category":"xhr","level":"info"},{"timestamp":"2025-10-24T13:48:00.798Z","type":"http","data":{"status_code":200.0,"method":"POST","url":"https://api2.ottplay.com/api/v2.1/web/analytics/events/create"},"category":"xhr","level":"info"},{"timestamp":"2025-10-24T13:48:00.815Z","type":"http","data":{"status_code":200.0,"method":"POST","url":"https://api2.ottplay.com/api/v3.1/mobile/get-setting"},"category":"xhr","level":"info"},{"timestamp":"2025-10-24T13:48:00.823Z","type":"http","data":{"status_code":200.0,"method":"POST","url":"https://api2.ottplay.com/api/v3/mobile/get-setting"},"category":"xhr","level":"info"},{"timestamp":"2025-10-24T13:48:00.873Z","type":"http","data":{"status_code":200.0,"method":"GET","url":"https://api2.ottplay.com/api/payment-service/v2.1/web/subscriptionplans?randomId=143"},"category":"xhr","level":"info"},{"timestamp":"2025-10-24T13:48:00.951Z","type":"http","data":{"status_code":200.0,"method":"GET","url":"https://api2.ottplay.com/api/v4.7/mobile/liveTV/top-live-tv-channels?"},"category":"xhr","level":"info"},{"timestamp":"2025-10-24T13:48:01.025Z","type":"http","data":{"status_code":200.0,"method":"GET","url":"https://ottwatch-webapp.s3.ap-south-1.amazonaws.com/prod/prod_constants.json"},"category":"xhr","level":"info"},{"timestamp":"2025-10-24T13:48:01.052Z","message":"Navigation to MainStack","type":"navigation","data":{"from":"SplashScreen","to":"MainStack"},"category":"navigation","level":"info"},{"timestamp":"2025-10-24T13:48:01.289Z","message":"Net Info -  [object Object]","data":{"logger":"console","arguments":["Net Info - ",{"isConnected":null,"isInternetReachable":null,"details":null,"type":"unknown"}]},"category":"console","level":"debug"},{"timestamp":"2025-10-24T13:48:01.363Z","message":"Net Info -  [object Object]","data":{"logger":"console","arguments":["Net Info - ",{"isConnected":true,"isInternetReachable":true,"isWifiEnabled":true,"details":{"isConnectionExpensive":true,"subnet":"255.255.255.0","strength":41.0,"bssid":"02:00:00:00:00:00","ipAddress":"10.69.29.159","linkSpeed":117.0,"rxLinkSpeed":39.0,"txLinkSpeed":117.0,"frequency":5180.0},"type":"wifi"}]},"category":"console","level":"debug"},{"timestamp":"2025-10-24T13:48:01.374Z","message":"[Diagnostic] Process started. Moving to checking_initial.","data":{"logger":"console","arguments":["[Diagnostic] Process started. Moving to checking_initial."]},"category":"console","level":"debug"},{"timestamp":"2025-10-24T13:48:01.411Z","message":"[Diagnostic] Step 1: Executing initial connection check.","data":{"logger":"console","arguments":["[Diagnostic] Step 1: Executing initial connection check."]},"category":"console","level":"debug"},{"timestamp":"2025-10-24T13:48:02.489Z","type":"http","data":{"status_code":200.0,"method":"GET","url":"https://api2.ottplay.com/api/v3/mobile/user/parental-details?randomId=4896"},"category":"xhr","level":"info"},{"timestamp":"2025-10-24T13:48:02.494Z","type":"http","data":{"status_code":200.0,"method":"GET","url":"https://api2.ottplay.com/api/v2.1/mobile/footer"},"category":"xhr","level":"info"},{"timestamp":"2025-10-24T13:48:02.500Z","type":"http","data":{"status_code":200.0,"method":"GET","url":"https://api2.ottplay.com/api/user-service/v1/user/whatsapp-consent/status?randomId=1434"},"category":"xhr","level":"info"},{"timestamp":"2025-10-24T13:48:02.502Z","type":"http","data":{"status_code":200.0,"method":"GET","url":"https://api2.ottplay.com/api/payment-service/v4.1/mobile/plansubscribe/getusersubscription?randomId=54501"},"category":"xhr","level":"info"},{"timestamp":"2025-10-24T13:48:02.505Z","type":"http","data":{"status_code":200.0,"method":"POST","url":"https://api2.ottplay.com/api/partner-service/v4.2/sync-offline-media"},"category":"xhr","level":"info"},{"timestamp":"2025-10-24T13:48:02.507Z","type":"http","data":{"status_code":200.0,"method":"GET","url":"https://api2.ottplay.com/api/v3.1/mobile/language?limit=20&module_name=Languages&platform=android"},"category":"xhr","level":"info"},{"timestamp":"2025-10-24T13:48:02.510Z","type":"http","data":{"status_code":200.0,"method":"GET","url":"https://api2.ottplay.com/api/v4.5/mobile/genre?limit=35&platform=android"},"category":"xhr","level":"info"},{"timestamp":"2025-10-24T13:48:02.538Z","type":"http","data":{"status_code":200.0,"method":"GET","url":"https://ottwatch-webapp.s3.ap-south-1.amazonaws.com/prod/prod_constants.json"},"category":"xhr","level":"info"},{"timestamp":"2025-10-24T13:48:02.555Z","type":"http","data":{"status_code":200.0,"method":"GET","url":"https://ottwatch-webapp.s3.ap-south-1.amazonaws.com/prod/prod_constants.json"},"category":"xhr","level":"info"},{"timestamp":"2025-10-24T13:48:02.560Z","type":"http","data":{"status_code":200.0,"method":"GET","url":"https://ottwatch-webapp.s3.ap-south-1.amazonaws.com/prod/prod_constants.json"},"category":"xhr","level":"info"},{"timestamp":"2025-10-24T13:48:02.837Z","type":"http","data":{"status_code":200.0,"method":"GET","url":"https://api2.ottplay.com/api/user-service/v1/user/app-rating/show-feedback-popup?randomId=228"},"category":"xhr","level":"info"},{"timestamp":"2025-10-24T13:48:02.839Z","type":"http","data":{"status_code":200.0,"method":"GET","url":"https://api2.ottplay.com/api/payment-service/v4.1/web/subscriptionplans/multi-add-on-details?randomId=1761313681552"},"category":"xhr","level":"info"},{"timestamp":"2025-10-24T13:48:02.859Z","message":"[Diagnostic] Step 3: Starting speed check window. Setting status to checking_speed.","data":{"logger":"console","arguments":["[Diagnostic] Step 3: Starting speed check window. Setting status to checking_speed."]},"category":"console","level":"debug"},{"timestamp":"2025-10-24T13:48:02.877Z","message":"[Diagnostic] Now in checking_speed state. Setting up interval.","data":{"logger":"console","arguments":["[Diagnostic] Now in checking_speed state. Setting up interval."]},"category":"console","level":"debug"},{"timestamp":"2025-10-24T13:48:02.947Z","type":"http","data":{"status_code":200.0,"method":"GET","url":"https://api2.ottplay.com/api/user-service/v1/user/app-rating/reviewlist?randomId=86"},"category":"xhr","level":"info"},{"timestamp":"2025-10-24T13:48:02.981Z","type":"http","data":{"status_code":201.0,"method":"POST","url":"https://api2.ottplay.com/api/v3/mobile/analytics/"},"category":"xhr","level":"info"},{"timestamp":"2025-10-24T13:48:03.000Z","type":"http","data":{"status_code":200.0,"method":"GET","url":"https://api2.ottplay.com/api/payment-service/v4.1/web/subscriptionplans/multi-add-on-details?randomId=1761313682685"},"category":"xhr","level":"info"},{"timestamp":"2025-10-24T13:48:03.010Z","type":"http","data":{"status_code":200.0,"method":"GET","url":"https://api2.ottplay.com/api/user-service/v1/user/engagement-journey/user-engagement-status"},"category":"xhr","level":"info"},{"timestamp":"2025-10-24T13:48:03.967Z","type":"system","data":{"upload_bandwidth":12000,"action":"NETWORK_CAPABILITIES_CHANGED","vpn_active":false,"signal_strength":-76,"network_type":"wifi","download_bandwidth":30000},"category":"network.event","level":"info"},{"timestamp":"2025-10-24T13:48:05.229Z","type":"http","data":{"status_code":200.0,"method":"GET","url":"https://api2.ottplay.com/api/v4.5/mobile/widget/list/?platform=android&menu=Subscription&randomId=6828"},"category":"xhr","level":"info"},{"timestamp":"2025-10-24T13:48:05.494Z","message":"[Diagnostic] - Firing speed check #1 of 1...","data":{"logger":"console","arguments":["[Diagnostic] - Firing speed check #1 of 1..."]},"category":"console","level":"debug"},{"timestamp":"2025-10-24T13:48:05.670Z","type":"http","data":{"status_code":200.0,"method":"GET","url":"https://api2.ottplay.com/api/v4.5/mobile/ranking/?platform=android&module_name=Subscription&template_name=inline_renewal_banner&pin_it=false&section=widget&limit=25&randomId=6911"},"category":"xhr","level":"info"},{"timestamp":"2025-10-24T13:48:05.701Z","type":"http","data":{"status_code":200.0,"method":"GET","url":"https://api2.ottplay.com/api/v4.7/mobile/ranking/?module_name=Subscription&platform=android&limit=5&section=widget_rating_nudge&pin_it=true&title=Rating Nudge&template_name=rating_nudge&page=1&lang_pref=false&language=false&language_id=null&genre=false&genre_id=undefined&provider=false&provider_id=null&randomId=7799"},"category":"xhr","level":"info"},{"timestamp":"2025-10-24T13:48:05.755Z","type":"http","data":{"status_code":200.0,"method":"GET","url":"https://api2.ottplay.com/api/v4.7/mobile/ranking/?module_name=Subscription&platform=android&limit=5&section=widget_trending_sports_&pin_it=true&title=Live Matches&template_name=sports_highlights&page=1&lang_pref=false&language=false&language_id=null&genre=false&genre_id=undefined&provider=false&provider_id=null&randomId=666"},"category":"xhr","level":"info"},{"timestamp":"2025-10-24T13:48:05.928Z","type":"http","data":{"status_code":200.0,"method":"GET","url":"https://api2.ottplay.com/api/v4.7/mobile/ranking/?module_name=Subscription&platform=android&limit=5&section=widget_continue_watching&pin_it=false&title=Continue Watching&template_name=continue_watching&page=1&lang_pref=false&language=false&language_id=null&genre=false&genre_id=undefined&provider=false&provider_id=null&randomId=3425"},"category":"xhr","level":"info"},{"timestamp":"2025-10-24T13:48:06.080Z","type":"http","data":{"status_code":200.0,"method":"GET","url":"https://api2.ottplay.com/api/v4.7/mobile/ranking/?module_name=Subscription&platform=android&limit=50&section=widget_mix_search_5&pin_it=true&title=Mix Search&template_name=subscription_banner&page=1&lang_pref=false&language=false&language_id=null&genre=false&genre_id=undefined&provider=false&provider_id=null&randomId=5289"},"category":"xhr","level":"info"},{"timestamp":"2025-10-24T13:48:06.202Z","message":"[Diagnostic] - Promise for check #1 resolved. Total checks: 1","data":{"logger":"console","arguments":["[Diagnostic] - Promise for check #1 resolved. Total checks: 1"]},"category":"console","level":"debug"},{"timestamp":"2025-10-24T13:48:06.202Z","message":"[Diagnostic] - Total check limit met. Stopping interval and setting status to speed_fast.","data":{"logger":"console","arguments":["[Diagnostic] - Total check limit met. Stopping interval and setting status to speed_fast."]},"category":"console","level":"debug"},{"timestamp":"2025-10-24T13:48:06.222Z","type":"http","data":{"status_code":200.0,"method":"GET","url":"https://api2.ottplay.com/api/user-service/v1/user/profile/preferred-data?randomId=2229"},"category":"xhr","level":"info"},{"timestamp":"2025-10-24T13:48:06.246Z","message":"[Diagnostic] Step 4: Executing final confirmation check.","data":{"logger":"console","arguments":["[Diagnostic] Step 4: Executing final confirmation check."]},"category":"console","level":"debug"},{"timestamp":"2025-10-24T13:48:06.578Z","type":"http","data":{"status_code":201.0,"method":"POST","url":"https://api2.ottplay.com/api/v3/mobile/analytics/"},"category":"xhr","level":"info"},{"timestamp":"2025-10-24T13:48:06.701Z","type":"http","data":{"status_code":200.0,"method":"GET","url":"https://api2.ottplay.com/api/user-service/v1/user/watchlist/list?platform=android&limit=10&randomID=3988&error_version=2&result_type=ottplay_id"},"category":"xhr","level":"info"},{"timestamp":"2025-10-24T13:48:06.716Z","type":"http","data":{"status_code":201.0,"method":"POST","url":"https://api2.ottplay.com/api/v3/mobile/analytics/"},"category":"xhr","level":"info"},{"timestamp":"2025-10-24T13:48:06.773Z","message":"[Diagnostic] Process finished with terminal status: success. Calling onComplete.","data":{"logger":"console","arguments":["[Diagnostic] Process finished with terminal status: success. Calling onComplete."]},"category":"console","level":"debug"},{"timestamp":"2025-10-24T13:48:07.733Z","type":"http","data":{"status_code":201.0,"method":"POST","url":"https://api2.ottplay.com/api/v3/mobile/analytics/"},"category":"xhr","level":"info"},{"timestamp":"2025-10-24T13:48:09.003Z","type":"navigation","data":{"state":"background"},"category":"app.lifecycle","level":"info"},{"timestamp":"2025-10-24T13:48:09.957Z","type":"system","data":{"upload_bandwidth":12000,"action":"NETWORK_CAPABILITIES_CHANGED","vpn_active":false,"signal_strength":-87,"network_type":"wifi","download_bandwidth":30000},"category":"network.event","level":"info"},{"timestamp":"2025-10-24T13:48:18.969Z","type":"system","data":{"upload_bandwidth":7500,"action":"NETWORK_CAPABILITIES_CHANGED","vpn_active":false,"signal_strength":-87,"network_type":"wifi","download_bandwidth":7500},"category":"network.event","level":"info"},{"timestamp":"2025-10-24T13:48:28.182Z","type":"system","data":{"upload_bandwidth":12000,"action":"NETWORK_CAPABILITIES_CHANGED","vpn_active":false,"signal_strength":-80,"network_type":"wifi","download_bandwidth":30000},"category":"network.event","level":"info"}]