<?xml version='1.0' encoding='utf-8' standalone='yes' ?>
<map>
    <string name="bnc_app_store_source">PlayStore</string>
    <string name="bnc_link_click_identifier">bnc_no_value</string>
    <string name="bnc_push_identifier">bnc_no_value</string>
    <string name="bnc_anon_id">1ebd83ac-25c1-4631-9163-43b49928734e</string>
    <string name="bnc_google_play_install_referrer_extras">utm_source=google-play&amp;utm_medium=organic</string>
    <string name="bnc_initial_referrer">android-app://com.transsion.hilauncher</string>
    <string name="bnc_app_link">bnc_no_value</string>
    <string name="bnc_randomly_generated_uuid">83d7b4d5-15c6-4de0-9ad1-40669adb8d62</string>
    <string name="bnc_link_click_id">bnc_no_value</string>
    <long name="bnc_install_begin_ts" value="1761221998" />
    <long name="bnc_last_known_update_time" value="1761401983420" />
    <long name="bnc_original_install_time" value="1761401983420" />
    <long name="bnc_previous_update_time" value="0" />
    <string name="bnc_branch_key">key_live_jugFa94MlBlqwVdT4ky0KcgoyylDC95F</string>
</map>
