<?xml version='1.0' encoding='utf-8' standalone='yes' ?>
<map>
    <string name="bnc_app_store_source">PlayStore</string>
    <string name="bnc_link_click_identifier">bnc_no_value</string>
    <string name="bnc_push_identifier">bnc_no_value</string>
    <string name="bnc_anon_id">24d2afe6-f455-4054-a357-41793c6e4f3e</string>
    <string name="bnc_google_play_install_referrer_extras">utm_source=google-play&amp;utm_medium=organic</string>
    <string name="bnc_initial_referrer">android-app://com.transsion.hilauncher</string>
    <string name="bnc_app_link">bnc_no_value</string>
    <string name="bnc_randomly_generated_uuid">6164e782-e25b-40ae-b356-c30d6d2edb22</string>
    <string name="bnc_link_click_id">bnc_no_value</string>
    <long name="bnc_last_known_update_time" value="1761221723316" />
    <long name="bnc_original_install_time" value="1761221723316" />
    <long name="bnc_previous_update_time" value="0" />
    <string name="bnc_branch_key">key_live_jugFa94MlBlqwVdT4ky0KcgoyylDC95F</string>
</map>
