<?xml version='1.0' encoding='utf-8' standalone='yes' ?>
<map>
    <long name="com.facebook.appevents.SessionInfo.sessionStartTime" value="1761402662790" />
    <long name="com.facebook.appevents.SessionInfo.sessionEndTime" value="1761402804751" />
    <boolean name="bg_startup_tracing" value="false" />
    <int name="com.facebook.appevents.SessionInfo.interruptionCount" value="6" />
    <long name="com.telegram.techie_gamer.classes.cloneTimestamp" value="1760551929523" />
    <int name="com.telegram.techie_gamer.classes.originalInstallVersionCode" value="390680003" />
    <string name="com.facebook.appevents.SessionInfo.sessionId">7bc68889-6662-44e3-9ed3-2bb4db6bb2d7</string>
</map>
