<?xml version='1.0' encoding='utf-8' standalone='yes' ?>
<map>
    <long name="first_open_time" value="1760551801505" />
    <string name="gmp_app_id">1:461924812382:android:119d0f93519f384d2916cf</string>
    <string name="app_instance_id">22d0c9d7c4aa7a67466b8ff8517d089b</string>
    <long name="session_id" value="1761402662" />
    <boolean name="app_backgrounded" value="false" />
    <long name="health_monitor:start" value="1761402662059" />
    <boolean name="use_service" value="true" />
    <boolean name="deferred_analytics_collection" value="false" />
    <string name="previous_os_version">13</string>
    <boolean name="has_been_opened" value="true" />
    <boolean name="allow_remote_dynamite" value="true" />
    <long name="last_pause_time" value="1761402804752" />
    <boolean name="start_new_session" value="false" />
</map>
