<?xml version='1.0' encoding='utf-8' standalone='yes' ?>
<map>
    <string name="p1"></string>
    <string name="p2"></string>
    <string name="p3"></string>
    <string name="p4"></string>
    <string name="p5"></string>
    <string name="campaignid"></string>
    <string name="channel"></string>
    <string name="clickId"></string>
    <string name="pid"></string>
    <string name="adid"></string>
    <string name="install_id">6bd53190-9349-47aa-92a5-3473f829a808</string>
    <string name="click_time"></string>
    <string name="adset"></string>
    <string name="deep_link_called">true</string>
    <string name="xiaomi_install_referrer">utm_source=xiaomi-getapps&amp;utm_medium=null</string>
    <int name="xiaomi_installtimebegin" value="0" />
    <string name="adsetid"></string>
    <string name="install_time">1970-01-21T08:20:08.872Z</string>
    <int name="xiaomi_timestamp" value="0" />
    <string name="ad"></string>
    <string name="last_session_time">2025-10-25T14:31:08.959Z</string>
    <string name="first_install">2025-10-15T18:10:06.393Z</string>
    <boolean name="is_install_tracked" value="true" />
    <string name="last_session_date">2025-10-25</string>
    <string name="dlv"></string>
    <string name="partner"></string>
    <string name="install_referrer">utm_source=google-play&amp;utm_medium=organic</string>
    <string name="campaign"></string>
    <string name="isRetargeting">false</string>
</map>
