<?xml version='1.0' encoding='utf-8' standalone='yes' ?>
<map>
    <boolean name="measurement_enabled_from_api" value="true" />
    <long name="first_open_time" value="1760755729242" />
    <string name="gmp_app_id">1:461924812382:android:119d0f93519f384d2916cf</string>
    <string name="app_instance_id">c7b92a0be93db9f8f4d9f022718cedb3</string>
    <boolean name="app_backgrounded" value="true" />
    <long name="session_id" value="1761313674" />
    <long name="health_monitor:start" value="1761313674268" />
    <boolean name="use_service" value="true" />
    <boolean name="deferred_analytics_collection" value="false" />
    <boolean name="measurement_enabled" value="true" />
    <string name="previous_os_version">13</string>
    <boolean name="has_been_opened" value="true" />
    <boolean name="allow_remote_dynamite" value="true" />
    <long name="last_pause_time" value="1761313688305" />
    <boolean name="start_new_session" value="false" />
</map>
