<?xml version='1.0' encoding='utf-8' standalone='yes' ?>
<map>
    <string name="path">https://api2.ottplay.com/api/user-service/v1/user/app-rating/reviewlist?randomId=3910</string>
    <string name="headers">{&quot;Content-Type&quot;:&quot;application/json&quot;,&quot;Authorization&quot;:&quot;Bearer 34B7FBD24B97D7A4CF717D414F2A8&quot;,&quot;auth&quot;:&quot;KDOJ4EYKOX6TGZEDHWJKOHN7BQ5KFH4WXM2UYAFMJHNXDNYYW3VOCCSI6OFBB5H7TL6AI5ARYUC4AMNX252RGJ6OPME4IYXX7YOT7PQ=&quot;,&quot;device_id&quot;:&quot;95486c3252b9d420&quot;,&quot;client_id&quot;:&quot;1714415093365&quot;,&quot;platform&quot;:&quot;android&quot;}</string>
    <string name="body">{}</string>
    <string name="lastInteraction">External/api2.ottplay.com</string>
</map>
