<?xml version='1.0' encoding='utf-8' standalone='yes' ?>
<map>
    <string name="path">https://api2.ottplay.com/api/v4.7/mobile/ranking/?module_name=Subscription&amp;platform=android&amp;limit=5&amp;section=widget_continue_watching&amp;pin_it=false&amp;title=Continue Watching&amp;template_name=continue_watching&amp;page=1&amp;lang_pref=false&amp;language=false&amp;language_id=null&amp;genre=false&amp;genre_id=undefined&amp;provider=false&amp;provider_id=null&amp;randomId=3425</string>
    <string name="headers">{&quot;Content-Type&quot;:&quot;application/json&quot;,&quot;client_id&quot;:1713399725309,&quot;Authorization&quot;:&quot;Bearer 34B7FBD24B97D7A4CF717D414F2A8&quot;,&quot;auth&quot;:&quot;XD7NEPCE4UTRWAT7NQI3GCFZQ43YUSGVSHXJBRBUTKXL6DAWZ54WDBLAAKNFMA3M4O3BJVNT365EU57E4DCS34QVBGLV2BWMW4QJKDI=&quot;,&quot;profile_id&quot;:&quot;662067de948437001dbc0a1f&quot;,&quot;device_id&quot;:&quot;9ba511c39a2dda22&quot;,&quot;appVersion&quot;:&quot;0.37.65(2)&quot;,&quot;pc_type&quot;:&quot;false&quot;,&quot;plan_code&quot;:&quot;ott_all&quot;,&quot;apiVersion&quot;:3}</string>
    <string name="body">{&quot;device_id&quot;:&quot;9ba511c39a2dda22&quot;,&quot;device_name&quot;:&quot;TECNO SPARK 10 Pro&quot;,&quot;device_media&quot;:[]}</string>
    <string name="lastInteraction">External/api2.ottplay.com</string>
</map>
