<?xml version='1.0' encoding='utf-8' standalone='yes' ?>
<map>
    <string name="user_session">{&quot;session_id&quot;:&quot;03cdf320-6e26-45a3-9f50-b7bd747b40a7&quot;,&quot;start_time&quot;:&quot;2025-10-24T13:47:54.656Z&quot;,&quot;last_interaction_time&quot;:1761313689006}</string>
    <long name="last_event_sync_time" value="1761313695438" />
    <long name="inapp_last_sync_time" value="1761313675" />
    <set name="sent_activity_list">
        <string>com.google.android.gms.common.api.GoogleApiActivity</string>
        <string>in.juspay.hypernfc.NfcActivity</string>
        <string>com.moengage.pushbase.activities.PushClickDialogTracker</string>
        <string>com.google.android.gms.auth.api.signin.internal.SignInHubActivity</string>
        <string>com.android.billingclient.api.ProxyBillingActivityV2</string>
        <string>com.moengage.pushbase.internal.activity.PermissionActivity</string>
        <string>com.proyecto26.inappbrowser.ChromeTabsManagerActivity</string>
        <string>com.google.firebase.auth.internal.RecaptchaActivity</string>
        <string>in.juspay.hypersdk.core.CustomtabResult</string>
        <string>in.juspay.hypersdkreact.ProcessActivity</string>
        <string>com.ht.ottplay.MainActivityic_launcher</string>
        <string>com.yalantis.ucrop.UCropActivity</string>
        <string>com.facebook.CustomTabActivity</string>
        <string>com.google.android.tv.ads.controls.FallbackImageActivity</string>
        <string>com.moengage.pushbase.activities.PushTracker</string>
        <string>com.facebook.FacebookActivity</string>
        <string>com.android.billingclient.api.ProxyBillingActivity</string>
        <string>com.ht.ottplay.MainActivity</string>
        <string>com.moe.pushlibrary.activities.MoEActivity</string>
        <string>com.google.firebase.auth.internal.GenericIdpActivity</string>
        <string>com.applisto.appcloner.classes.DefaultProvider$MyActivity</string>
        <string>com.facebook.CustomTabMainActivity</string>
        <string>com.moengage.inapp.internal.activity.MoEInAppActivity</string>
        <string>com.google.android.play.core.common.PlayCoreDialogWrapperActivity</string>
        <string>in.juspay.hypersdk.core.CustomtabActivity</string>
        <string>com.moengage.hms.pushkit.PushClickTracker</string>
    </set>
    <string name="registration_id">fUnSX4txTmKc0bNgpBEzh_:APA91bEHuobfOAYhhiJWMthQ0XJ3ANO7tfm79QiKZiww-udhJqcCAg1h8DGnXa3dYqANeRuTrX3j76QpTSq06cO5OwJevuZmZQqRwgufsxRVqBoxO5GeJH4</string>
    <boolean name="is_device_registered" value="true" />
    <long name="last_config_sync_time" value="1761313675373" />
    <long name="notification_permission_tracked_time" value="1761313674856" />
    <long name="events_batch_number" value="1" />
    <long name="inapp_api_sync_delay" value="900" />
    <long name="inapp_html_assets_delete_time" value="1761313674" />
    <boolean name="has_registered_for_verification" value="false" />
    <long name="MOE_LAST_IN_APP_SHOWN_TIME" value="1761221903" />
    <long name="in_app_global_delay" value="900" />
    <string name="APP_UUID">7544468c-43fb-4248-a23e-bc08968a6098</string>
    <string name="user_attribute_unique_id">1713399725309</string>
</map>
