<?xml version='1.0' encoding='utf-8' standalone='yes' ?>
<map>
    <string name="user_session">{&quot;session_id&quot;:&quot;e5acfc7c-ad4b-485e-b92c-176dffc4268f&quot;,&quot;start_time&quot;:&quot;2025-10-25T14:31:02.755Z&quot;,&quot;last_interaction_time&quot;:1761402789038}</string>
    <int name="appVersion" value="390680003" />
    <long name="last_event_sync_time" value="1761402663320" />
    <long name="inapp_last_sync_time" value="1761402759" />
    <set name="sent_activity_list">
        <string>com.facebook.ads.AudienceNetworkActivity</string>
        <string>com.google.android.gms.common.api.GoogleApiActivity</string>
        <string>in.juspay.hypernfc.NfcActivity</string>
        <string>com.moengage.pushbase.activities.PushClickDialogTracker</string>
        <string>com.google.android.gms.auth.api.signin.internal.SignInHubActivity</string>
        <string>com.android.billingclient.api.ProxyBillingActivityV2</string>
        <string>com.moengage.pushbase.internal.activity.PermissionActivity</string>
        <string>com.proyecto26.inappbrowser.ChromeTabsManagerActivity</string>
        <string>com.google.firebase.auth.internal.RecaptchaActivity</string>
        <string>in.juspay.hypersdk.core.CustomtabResult</string>
        <string>in.juspay.hypersdkreact.ProcessActivity</string>
        <string>com.ht.ottplay.MainActivityic_launcher</string>
        <string>com.yalantis.ucrop.UCropActivity</string>
        <string>com.facebook.CustomTabActivity</string>
        <string>com.google.android.gms.ads.AdActivity</string>
        <string>com.google.android.tv.ads.controls.FallbackImageActivity</string>
        <string>com.moengage.pushbase.activities.PushTracker</string>
        <string>com.facebook.FacebookActivity</string>
        <string>com.android.billingclient.api.ProxyBillingActivity</string>
        <string>com.telegram.techie_gamer.classes.DefaultProvider$MyActivity</string>
        <string>com.ht.ottplay.MainActivity</string>
        <string>com.moe.pushlibrary.activities.MoEActivity</string>
        <string>com.google.firebase.auth.internal.GenericIdpActivity</string>
        <string>com.facebook.CustomTabMainActivity</string>
        <string>com.moengage.inapp.internal.activity.MoEInAppActivity</string>
        <string>com.google.android.play.core.common.PlayCoreDialogWrapperActivity</string>
        <string>in.juspay.hypersdk.core.CustomtabActivity</string>
        <string>com.moengage.hms.pushkit.PushClickTracker</string>
    </set>
    <string name="registration_id">e8xs6-xnRu6ZB8uchdE9Ib:APA91bF3fOsRbG94BDtzn49cPbzA4yO323tLATnOkFYjDxyeMPg9_qEv8HxhUnT6MUSvjxLELSqcuLbjFh4PCAnOQRtCyI2mcDF2Yffv3fVaY_drtH2JgUQ</string>
    <boolean name="is_device_registered" value="true" />
    <boolean name="pref_installed" value="true" />
    <long name="last_config_sync_time" value="1761402662890" />
    <long name="notification_permission_tracked_time" value="1761402663086" />
    <long name="events_batch_number" value="3" />
    <long name="inapp_api_sync_delay" value="900" />
    <long name="inapp_html_assets_delete_time" value="1761402663" />
    <boolean name="has_registered_for_verification" value="false" />
    <long name="in_app_global_delay" value="900" />
    <string name="APP_UUID">b02f171f-6f6b-4b8b-8fd3-ff50c6fa2cab</string>
    <string name="user_attribute_unique_id">1714415093365</string>
</map>
