<?xml version='1.0' encoding='utf-8' standalone='yes' ?>
<map>
    <string name="user_session">{&quot;session_id&quot;:&quot;fb0b1af5-c13c-4e4a-af83-4dbc8fe12abf&quot;,&quot;start_time&quot;:&quot;2025-10-25T14:19:51.733Z&quot;,&quot;last_interaction_time&quot;:1761401991733}</string>
    <long name="last_event_sync_time" value="1760755849980" />
    <long name="inapp_last_sync_time" value="1761402011" />
    <set name="sent_activity_list">
        <string>com.facebook.ads.AudienceNetworkActivity</string>
        <string>com.google.android.gms.common.api.GoogleApiActivity</string>
        <string>in.juspay.hypernfc.NfcActivity</string>
        <string>com.moengage.pushbase.activities.PushClickDialogTracker</string>
        <string>com.google.android.gms.auth.api.signin.internal.SignInHubActivity</string>
        <string>com.moengage.pushbase.internal.activity.PermissionActivity</string>
        <string>com.proyecto26.inappbrowser.ChromeTabsManagerActivity</string>
        <string>com.google.firebase.auth.internal.RecaptchaActivity</string>
        <string>com.applisto.appcloner.classes.DefaultProvider$DefaultActivity</string>
        <string>in.juspay.hypersdk.core.CustomtabResult</string>
        <string>in.juspay.hypersdkreact.ProcessActivity</string>
        <string>com.google.android.gms.ads.OutOfContextTestingActivity</string>
        <string>com.huawei.hms.activity.EnableServiceActivity</string>
        <string>com.yalantis.ucrop.UCropActivity</string>
        <string>com.google.android.gms.ads.AdActivity</string>
        <string>com.google.android.tv.ads.controls.FallbackImageActivity</string>
        <string>com.moengage.pushbase.activities.PushTracker</string>
        <string>com.huawei.hms.support.api.push.TransActivity</string>
        <string>com.android.billingclient.api.ProxyBillingActivity</string>
        <string>com.ht.ottplay.MainActivity</string>
        <string>com.moe.pushlibrary.activities.MoEActivity</string>
        <string>com.google.firebase.auth.internal.GenericIdpActivity</string>
        <string>com.huawei.hms.activity.BridgeActivity</string>
        <string>com.google.android.play.core.common.PlayCoreDialogWrapperActivity</string>
        <string>in.juspay.hypersdk.core.CustomtabActivity</string>
        <string>com.moengage.hms.pushkit.PushClickTracker</string>
    </set>
    <string name="registration_id">fUnSX4txTmKc0bNgpBEzh_:APA91bHsXZ0nYnZvDDfv_BzrDHhalVtV7jkw8aF-t_XZzcOQeWU7p_TelF8uCVvT-1YnwwjDBm8_zsV3wK9hTnDGz2CVnGKEAHdOmIjU1GUUKlhEJWOhNiI</string>
    <boolean name="is_device_registered" value="true" />
    <long name="last_config_sync_time" value="1761402011186" />
    <long name="inapp_api_sync_delay" value="900" />
    <long name="inapp_html_assets_delete_time" value="1761401991" />
    <boolean name="has_registered_for_verification" value="false" />
    <long name="MOE_LAST_IN_APP_SHOWN_TIME" value="1761402021" />
    <long name="in_app_global_delay" value="900" />
    <string name="APP_UUID">7544468c-43fb-4248-a23e-bc08968a6098</string>
    <string name="user_attribute_unique_id">1713399725309</string>
</map>
